{
  "vertices_complex": [
    [
      0.9749279121818236,
      0.2225209339563144
    ],
    [
      0.7818314824680298,
      0.6234898018587335
    ],
    [
      0.4338837391175582,
      0.9009688679024191
    ],
    [
      6.123233995736766e-17,
      1.0
    ],
    [
      -0.43388373911755806,
      0.9009688679024191
    ],
    [
      -0.7818314824680298,
      0.6234898018587336
    ],
    [
      -0.9749279121818236,
      0.2225209339563145
    ],
    [
      -0.9749279121818236,
      -0.22252093395631428
    ],
    [
      -0.7818314824680299,
      -0.6234898018587334
    ],
    [
      -0.4338837391175583,
      -0.900968867902419
    ],
    [
      -1.8369701987210297e-16,
      -1.0
    ],
    [
      0.43388373911755795,
      -0.9009688679024193
    ],
    [
      0.7818314824680297,
      -0.6234898018587337
    ],
    [
      0.9749279121818235,
      -0.22252093395631464
    ]
  ],
  "edges": [
    [
      0,
      1
    ],
    [
      1,
      2
    ],
    [
      2,
      3
    ],
    [
      3,
      4
    ],
    [
      4,
      5
    ],
    [
      5,
      6
    ],
    [
      6,
      7
    ],
    [
      7,
      8
    ],
    [
      8,
      9
    ],
    [
      9,
      10
    ],
    [
      10,
      11
    ],
    [
      11,
      12
    ],
    [
      12,
      13
    ],
    [
      13,
      0
    ]
  ],
  "pairing": {
    "0": 7,
    "1": 8,
    "2": 9,
    "3": 10,
    "4": 11,
    "5": 12,
    "6": 13,
    "7": 0,
    "8": 1,
    "9": 2,
    "10": 3,
    "11": 4,
    "12": 5,
    "13": 6
  },
  "note": "Edges identified with opposite-edge reverse orientation; use (2,3,7) triangle group for gluings."
}