{
  "r_max_mesh": 2.3333333333333335,
  "scale_r_to_R": 0.5571428571428572,
  "GB_scale_K": 0.085005961368368,
  "GB_sum_KA": -25.132741228718345,
  "GB_target": -25.132741228718345,
  "K_raw_min": -26.43830617900711,
  "K_raw_max": -5.674999999999997,
  "K_raw_mean": -16.055911224489797,
  "K_final_min": -2.247413633697763,
  "K_final_max": -0.48240883076548813,
  "K_final_mean": -1.3648481692829255,
  "rho_min": 1.0868335895377879,
  "rho_max": 1.4045344540655973,
  "rho_mean": 1.2456726704709267
}